8306.29.00;  Autres.;30;
8306.30.00;" Cadres pour photographies, gravures ou similaires; miroirs..";30;
8307.10.00; En fer ou en acier.;10;
8307.90.00; En autres métaux communs;10;
8308.10.00; Agrafes, crochets et illets.;20;
8308.20.00; Rivets tubulaires ou à tige fendue;10;
8308.90.00; Autres, y compris les parties;20;
8309.10.00; Bouchonscouronnes;10;
8309.90.00; Autres..;10;
8310.00.00;Plaques indicatrices, plaquesenseignes, plaquesadresses et plaques similaires, chiffre;30;
8311.10.00; Electrodes enrobées pour le soudage à l'arc,  en métaux communs;30;
8311.20.00; Fils fourrés pour le soudage à l'arc, en métaux communs.;30;
8311.30.00; Baguettes  enrobées  et  fils  fourrés pour le brasage ou le soudage à la flamme, en m;30;
8311.90.00; Autres.;30;
8401.10.00; Réacteurs nucléaires;10;
8401.20.00; Machines  et  appareils  pour  la  séparation isotopique, et leurs parties..;10;
8401.30.00; Eléments combustibles (cartouches) non irradiés..;10;
8401.40.00; Parties de réacteurs nucléaires;10;
8402.11.00;  Chaudières aquatubulaires d'une production horaire de vapeur excédant 45 tonnes.;10;
8402.12.00;  Chaudières aquatubulaires d'une production horaire de vapeur n'excédant pas 45 tonne;10;
8402.19.00;  Autres  chaudières  à  vapeur,  y  compris  les chaudières mixtes..;10;
8402.20.00; Chaudières dites << à eau surchauffée >>;10;
8402.90.00; Parties..;10;
8403.10.00; Chaudières;10;
8403.90.00; Parties;10;
8404.10.00; Appareils  auxiliaires  pour  chaudières  des n°s 84.02 ou 84.03.;10;
8404.20.00; Condenseurs  pour  machines  à  vapeur..;10;
8404.90.00; Parties..;10;
8405.10.00;" Générateurs de gaz à l'air ou de gaz à l'eau, avec ou sans leurs épurateurs; générateu";10;
8405.90.00; Parties..;10;
8406.10.00; Turbines pour la propulsion de bateaux;10;
8406.81.00;  D'une puissance excédant 40 MW;10;
8406.82.00;  D'une puissance n'excédant pas 40 MW;10;
8406.90.00; Parties..;10;
8407.10.00; Moteurs pour l'aviation;0;
8407.21.00;  Du type horsbord (*);20;NMB
8407.29.10;  Moteurs d'embarcation de 10.000 kg ou moins (*)..;10;NMB
8407.29.20; Moteurs  d'embarcation  de  plus de 10.000 kg (*).;10;NMB
8407.31.00;  D'une cylindrée n'excédant pas 50 cm3(*);10;NMB
8407.32.00; D'une cylindrée excédant 50 cm3 mais n'excédant  pas 250 cm3(*);20;NMB
8407.33.00;  D'une cylindrée excédant 250 cm3 mais  n'excédant pas 1.000 cm3(*)..;20;NMB
8407.34.00;  D'une cylindrée excédant 1.000 cm3(*).;20;NMB
8407.90.00; Autres moteurs(*);20;NMB
8408.10.10;  Du type horsbord(*);20;NMB
8408.10.91; Moteurs d'embarcation de 10.000 kg ou moins(*);10;NMB
8408.10.92;  Moteurs d'embarcation de plus de 10.000 kg(*)..;10;NMB
8408.20.10;  Moteurs diesel pour véhicules du chapitre 87, d'une cylindrée n'excédant pas 50 cm3(;20;NMB
8408.20.20;  Moteurs  diesel  pour  véhicules  du  chapitre  87, d'une cylindrée excédant 50 cm3 ;20;NMB
8408.20.30;  Moteurs  diesel  pour  véhicules  du  chapitre  87, d'une cylindrée excédant 250 cm3;20;NMB
8408.20.40;  Moteurs  diesel  pour  véhicules  du  chapitre  87, d'une cylindrée excédant 1.000 c;20;NMB
8408.90.00; Autres moteurs(*)..;20;NMB
8409.10.00; De moteurs pour l'aviation;0;
8409.91.00;  Reconnaissables comme étant exclusivement ou principalement destinées aux moteurs à ;20;NMB
8409.99.00;  Autres(*)..;20;NMB
8410.11.00;   D'une puissance n'excédant pas 1.000 kW;10;
8410.12.00;   D'une puissance excédant 1.000 kW mais n'excédant pas 10.000 Kw.;10;
8410.13.00;   D'une  puissance  excédant  10.000  Kw..;10;
8410.90.00; Parties, y compris les régulateurs.;10;
8411.11.00;  D'une poussée n'excédant pas 25 kN;10;
8411.12.00;  D'une  poussée  excédant  25  kN;10;
8411.21.00;  D'une puissance n'excédant pas 1.100 kW;10;
8411.22.00;  D'une  puissance  excédant  1.100  kW;10;
8411.81.00;   D'une puissance n'excédant pas 5.000 Kw..;10;
8411.82.00;   D'une  puissance  excédant  5.000  Kw;10;
8411.91.00;   De turboréacteurs ou de turbopropulseurs.;10;
8411.99.00; Autres..;10;
8412.10.00; Propulseurs à réaction autres que les turboréacteurs;10;
8412.21.00;  A mouvement rectiligne (cylindres)..;10;
8412.29.00;   Autres;10;
8412.31.00;  A mouvement rectiligne (cylindres);10;
8412.39.00;  Autres;10;
8412.80.00; Autres..;10;
8412.90.00; Parties..;10;
8413.11.00;  Pompes pour la distribution de carburants ou de lubrifiants, des types utilisés dans;10;NMB
8413.19.00;  Autres(*);10;NMB
8413.20.00; Pompes actionnées à la main, autres que celles des n°s 8413.11 ou 8413.19 (*)..;10;NMB
8413.30.00; Pompes à carburant, à huile ou à liquide de refroidis sement pour moteurs à allumage ;10;
8413.40.00; Pompes à béton(*);10;NMB
8413.50.00; Autres pompes volumétriques alternatives(*);10;NMB
8413.60.00; Autres pompes volumétriques rotatives(*).;10;NMB
8413.70.00; Autres pompes centrifuges(*).;10;NMB
8413.81.00;  Pompes(*).;10;
8413.82.00;  Elévateurs à liquides(*).;10;NMB
8413.91.00;   De pompes;10;NMB
8413.92.00;  D'élévateurs à liquides..;10;
8414.10.00; Pompes à vide(*).;10;NMB
8414.20.00; Pompes à air, à main ou à pied(*);20;NMB
8414.30.00; Compresseurs  des  types  utilisés  dans  les  équipements frigorifiques(*)..;10;NMB
8414.40.00; Compresseurs d'air montés sur châssis à roues et remorquables (*);10;NMB
8414.51.00;  Ventilateurs de table, de sol, muraux, plafonniers, de toitures ou de fenêtres, à mo;20;NMB
8414.59.00;  Autres(*);20;NMB
8414.60.00; Hottes dont le plus grand côté horizontal n'excède pas 120 cm(*);20;NMB
8414.80.00; Autres(*)..;20;NMB
8414.90.00; Parties..;10;
8415.10.00; Du type mural ou pour fenêtres, formant un seul corps ou du type splitsystem (systè;30;NMB
8415.20.00; Du  type  de  ceux  utilisés  pour  le  confort  des personnes dans les véhicules auto;30;NMB
8415.81.00;  Avec dispositif de réfrigération et soupape d'inversion du cycle thermique (pompes à;30;NMB
8415.82.00;  Autres, avec dispositif de réfrigération;10;NMB
8415.83.00;  Sans dispositif de réfrigération(*);10;NMB
8415.90.00; Parties;20;NMB
8416.10.00; Brûleurs à combustibles liquides;10;
8416.20.00; Autres brûleurs, y compris les brûleurs mixtes;10;
8416.30.00; Foyers automatiques, y compris leurs avantfoyers, leurs grilles mécaniques, leurs dis;10;
8416.90.00; Parties;10;
8417.10.00; Fours pour le grillage, la fusion ou autres traitements thermiques des minerais ou des;10;
8417.20.00; Fours de boulangerie, de pâtisserie ou de biscuiterie...;10;
8417.80.00; Autres;10;
8417.90.00; Parties;10;
8418.10.00; Combinaisons de réfrigérateurs et de congélateursconservateurs munis de portes extéri;30;NMB
8418.21.00;  A compression(*)..;30;NMB
8418.29.00;  Autres.;30;
8418.30.00; Meubles congélateursconservateurs du type coffre, d'une capacité n'excédant pas 800 L;30;NMB
8418.40.00;Meubles congélateursconservateurs du type armoire, d'une capacité n'excédant pas 900 L;30;NMB
8418.50.00; Autres meubles (coffres, armoires, vitrines, comptoirs et similaires) pour la conserva;30;
8418.61.00;  Pompes à chaleur autres que les machines et appareils pour le conditionnement de l'a;10;
8418.69.00;  Autres..;10;NMB
8418.91.00;  Meubles conçus pour recevoir un équipement pour la production du froid;20;NMB
8418.99.90;  Autres;20;
8419.11.00;  A chauffage instantané, à gaz.;20;
8419.19.00;  Autres..;20;
8419.20.00; Stérilisateurs médicochirurgicaux ou de laboratoires.;5;
8419.31.00;  Pour produits agricoles;10;
8419.32.10;   A chauffage électrique.;10;
8419.32.90;   Autres;10;
8419.39.10;   A chauffage électrique..;10;
8419.39.90;   Autres;10;
8419.40.00; Appareils de distillation ou de rectification;10;
8419.50.00; Echangeurs de chaleur;10;
8419.60.00; Appareils et dispositifs pour la liquéfaction de l'air ou d'autres gaz;10;
8419.81.00;  Pour la préparation de boissons chaudes ou la cuisson ou le chauffage des aliments;30;
8419.89.21;    De la sucrerie (y compris la raffinerie).;10;
8419.89.22;    De la minoterie.;10;
8419.89.23;    De la malterie et de la brasserie;10;
8419.89.24;     De la laiterie et du traitement des produits laitiers;10;
8419.89.25;    Pour  la  préparation  des  huiles  et  graisses alimentaires..;10;
8419.89.29;    Autres;10;
8419.89.30;    Pour les industries du caoutchouc;10;
8419.89.40;    Pour les industries des matières plastiques;10;
8419.89.50;    Pour la savonnerie, la stéarinerie, la parfumerie et la fabrication de produits ;10;
8419.89.90;    Autres..;10;
8419.90.00; Parties;10;
8420.10.00; Calandres et laminoirs.;10;
8420.91.00;  Cylindres;10;
8420.99.00;   Autres;10;
8421.11.00;  Ecrémeuses.;10;
8421.12.00;  Essoreuses à linge;10;
8421.19.00;  Autres..;10;
8421.21.00;  Pour la filtration ou l'épuration des eaux;10;
8421.22.00;  Pour la filtration ou l'épuration des boissons autres que l'eau;10;
8421.23.00;  Pour la filtration des huiles minérales dans les moteurs à allumage par étincelles o;10;
8421.29.00;  Autres..;10;
8421.31.00;  Filtres d'entrée d'air pour moteurs à allumage  par étincelles ou par compression;10;
8421.39.00;  Autres;10;
8421.91.00;  De centrifugeuses, y compris d'essoreuses centrifuges;10;
8421.99.00;  Autres;10;
8422.11.00;  De type ménager;30;
8422.19.00;  Autres;30;
8422.20.00; Machines et appareils servant à nettoyer ou à sécher les bouteilles ou autres récipien;10;
8422.30.00; Machines et appareils à remplir, fermer, boucher ou étiqueter les bouteilles, boîtes, ;10;
8422.40.00; Autres machines et appareils à empaqueter ou à emballer les marchandises (y compris le;10;
8422.90.00; Parties.;10;
8423.10.00;" Pèsepersonnes, y compris les pèsebébés; balances de ménage..";30;
8423.20.00; Bascules à pesage continu sur transporteurs;10;
8423.30.00; Bascules à pesées constantes et balances et bascules ensacheuses ou doseuses.;10;
8423.81.00;  D'une portée n'excédant pas 30 kg;10;
8423.82.00;  D'une portée excédant 30 kg mais n'excédant pas 5.000 kg..;10;
8423.89.00;  Autres..;10;
8423.90.00;" Poids pour toutes balances; parties d'appareils ou instruments de pesage";30;
8424.10.00; Extincteurs, même chargés.;10;
8424.20.00; Pistolets aérographes et appareils similaires.;10;
8424.30.00; Machines et appareils à jet de sable, à jet de vapeur et appareils à jet similaires;10;
8424.81.10;   A moteur.;10;
8424.81.90;   Autres.;10;
8424.89.10;   A moteur..;10;
8424.89.90;   Autres.;10;
8424.90.00; Parties..;10;
8425.11.00;  A moteur électrique..;10;
8425.19.00;  Autres;10;
8425.31.00;  A moteur électrique..;10;
8425.39.00;  Autres;10;
8425.41.00;  Elévateurs fixes de voitures pour garages.;10;
8425.42.00;  Autres crics et vérins, hydrauliques..;10;
8425.49.10;   Crics et vérins pneumatiques..;10;
8425.49.90;   Autres crics et vérins..;30;
8426.11.00;  Ponts roulants et poutres roulantes, sur supports fixes.............................;10;
8426.12.10;   Chariotscavaliers;10;
8426.12.90;   Autres..;10;
8426.19.00;   Autres;10;
8426.20.00; Grues à tour.;10;
8426.30.00; Grues sur portiques.;10;
8426.41.10;   Chariotsgrues.;10;
8426.41.90;   Autres..;10;
8426.49.00;  Autres;10;
8426.91.00;  Conçus pour être montés sur un véhicule routier.;10;
8426.99.00;  Autres....;10;
8427.10.00; Chariots autopropulsés à moteur électrique..;10;
8427.20.00; Autres chariots autopropulsés..;10;
8427.90.00; Autres chariots.;10;
8428.10.00; Ascenseurs et montecharge;10;
8428.20.00; Appareils élévateurs ou transporteurs, pneumatiques;10;
8428.31.00;   Spécialement conçus pour mines au fond ou pour autres travaux souterrains.;10;
8428.32.00;   Autres, à benne;10;
8428.33.00;   Autres, à bande ou à courroie..;10;
8428.39.00;   Autres;10;
8428.40.00; Escaliers mécaniques et trottoirs roulants;10;
8428.60.00;" Téléphériques  (y  compris  les  télésièges  et  remontepentes); mécanismes de tracti";10;
8428.90.00; Autres machines et appareils..;10;
8429.11.00;   A chenilles..;10;
8429.19.00;   Autres.;10;
8429.20.00; Niveleuses.;10;
8429.30.00; Décapeuses;10;
8429.40.10;   Rouleaux compresseurs;10;
8429.40.90;   Autres;10;
8429.51.00;  Chargeuses et chargeusespelleteuses à chargement frontal.;10;
8429.52.00;  Engins dont la superstructure peut effectuer une rotation de 360°...................;10;
8429.59.00;   Autres..........................................................;10;
8430.10.00; Sonnettes de battage et machines pour l'arrachage des pieux.;10;
8430.20.00; Chasseneige;10;
8430.31.00;   Autopropulsées.;10;
8430.39.00;   Autres;10;
8430.41.00;   Autre Auto propulsées.;10;
8430.49.00;  Autres;10;
8430.50.00; Autres machines et appareils, autopropulsés;10;
8430.61.00;  Machines et appareils à tasser ou à compacter..;10;
8430.69.00;  Autres.;10;
8431.10.00; De machines ou appareils du n° 84.25;10;
8431.20.00; De machines ou appareils du n° 84.27.;10;
8431.31.00;   D'ascenseurs,  montecharge  ou  escaliers mécaniques.;10;
8431.39.00;   Autres;10;
8431.41.00;   Godets,  bennes,  bennespreneuses,  pelles, grappins et pinces.;10;
8431.42.00;  Lames de bouteurs (bulldozers) ou de bouteurs biais (angledozers)..;10;
8431.43.00;   Parties de machines de sondage ou de forage des n°s 8430.41 ou 8430.49.;10;
8431.49.00;   Autres;10;
8432.10.00; Charrues.;10;
8432.21.00;   Herses à disques (pulvériseurs);10;
8432.29.00;   Autres;10;
8432.30.00; Semoirs, plantoirs et repiqueurs..;10;
8432.40.00; Epandeurs de fumier et distributeurs d'engrais;10;
8432.80.00; Autres machines, appareils et engins;10;
8432.90.00; Parties..;10;
8433.11.00;  A moteur, dont le dispositif de coupe tourne dans un plan horizontal..;30;
8433.19.00;   Autres;30;
8433.20.00; Faucheuses, y compris les barres de coupe à monter sur tracteur.;10;
8433.30.00; Autres machines et appareils de fenaison;10;
8433.40.00; Presses à paille ou à fourrage, y compris les presses ramasseuses..;10;
8433.51.00;   Moissonneusesbatteuses;10;
8433.52.00;   Autres machines et appareils pour le battage;10;
8433.53.00;  Machines pour la récolte des racines ou tubercules.;10;
8433.59.00;  Autres.;10;
8433.60.00; Machines pour le nettoyage ou le triage des oeufs, fruits ou autres produits agricoles;10;
8433.90.00; Parties;10;
8434.10.00; Machines à traire.;10;
8434.20.00; Machines et appareils de laiterie..;10;
8434.90.00; Parties..;10;
8435.10.00; Machines et appareils.;10;
8435.90.00; Parties.;10;
8436.10.00; Machines et appareils pour la préparation des aliments ou provendes pour animaux.;10;
8436.21.00;  Couveuses et éleveuses.;10;
8436.29.00;  Autres...;10;
8436.80.00; Autres machines et appareils.;10;
8436.91.00;   De machines ou appareils d'aviculture;10;
8436.99.00;  Autres;10;
8437.10.10;   Machines pour le nettoyage, le triage ou le criblage des grains..;10;
8437.10.90;   Autres;10;
8437.80.00; Autres machines et appareils;10;
8437.90.00; Parties..;20;
8438.10.00; Machines  et  appareils  pour  la  boulangerie,  la pâtisserie, la biscuiterie ou pour;10;
8438.20.00; Machines et appareils pour la confiserie ou pour la fabrication du cacao ou du chocola;10;
8438.30.00; Machines et appareils pour la sucrerie.;10;
8438.40.00; Machines et appareils pour la brasserie;10;
8438.50.00; Machines et appareils pour le travail des viandes..;10;
8438.60.00; Machines et appareils pour la préparation des fruits ou des légumes..;10;
8438.80.00; Autres machines et appareils;10;
8438.90.00; Parties;10;
8439.10.00; Machines  et appareils pour la fabrication de la pâte de matières fibreuses cellulosiq;10;
8439.20.00; Machines et appareils pour la fabrication du papier ou du carton.;10;
8439.30.00; Machines et appareils pour le finissage du papier ou du carton.;10;
8439.91.00;   De machines ou appareils pour la fabrication de la pâte de matières fibreuses cellu;10;
8439.99.00;  Autres.;10;
8440.10.00; Machines et appareils.;10;
8440.90.00; Parties..;10;
8441.10.10;  Cisailles, massicots et appareils pour le coupage des épreuves photographiques sur p;10;
8441.10.90;  Autres;10;
8441.20.00; Machines pour la fabrication de sacs, sachets ou  enveloppes;10;
8441.30.00; Machines pour la fabrication de boîtes, caisses, tubes, tambours ou contenants similai;10;
8441.40.00; Machines à mouler les articles en pâte à papier, papier ou carton..;10;
8441.80.00; Autres machines et appareils.;10;
8441.90.00; Parties..;10;
8442.30.00; Machines, appareils et matériel;10;
8442.40.00; Parties de ces machines, appareils ou matériel;10;
8442.50.00;" Clichés, planches, cylindres et autres organes imprimants; pierres lithographiques, pl";10;
8443.11.00;  Machines et appareils à imprimer offset, alimentés en bobines;10;
8443.12.00;  Machines et appareils à imprimer offset de bureau, alimentés en feuille d'un format ;10;
8443.13.00;  Autres machines et appareils à imprimer offset...;10;
8443.14.00;  Machines et appareils à imprimer, typographiques, alimentés en bobines, à l'exclusio;10;
8443.15.00;  Machines et appareils à imprimer, typographique, autres qu'alimentés en bobines, à l;10;
8443.16.00;  Machines et appareils à imprimer, flexographiques..;10;
8443.17.00;  Machines et appareils à imprimer, héliographiques..;10;
8443.19.00;  Autres.;10;
8443.31.00;  Machines qui assurent au moins deux des fonctions suivantes : impression, copie ou t;10;
8443.32.00;  Autres, aptes à être connectées à une machine automatique de traitement de l'informa;10;
8443.39.00;  Autres;10;
8443.91.00;  Parties et accessoires de machines et d'appareils servant à l'impression au moyen de;10;
8443.99.00; Autres;10;
8444.00.00;Machines  pour  le  filage  (extrusion),  l'étirage,  la texturation  ou  le  tranchage ;10;
8445.11.00;  Cardes;10;
8445.12.00;  Peigneuses.;10;
8445.13.00;  Bancs à broches.;10;
8445.19.10;   Egreneuses à coton..;10;
8445.19.90;   Autres.;10;
8445.20.00; Machines pour la filature des matières textiles;10;
8445.30.00; Machines pour le doublage ou le retordage matières textiles.;10;
8445.40.00; Machines à bobiner  (y compris les canetières) ou à dévider les matières textiles;10;
8445.90.00; Autres..;10;
8446.10.00; Pour tissus d'une largeur n'excédant pas 30 cm..;10;
8446.21.00;  A moteur;10;
8446.29.00;  Autres;10;
8446.30.00; Pour  tissus  d'une  largeur  excédant  30 cm,  sans  navettes;10;
8447.11.00;  Avec cylindre d'un diamètre n'excédant pas 165 mm.;10;
8447.12.00;  Avec cylindre d'un diamètre excédant 165 mm..;10;
8447.20.00;" Métiers  à  bonneterie  rectilignes ;  machines  de couturetricotage..";10;
8447.90.00; Autres..;10;
8448.11.00;"  Ratières (mécaniques d'armures) et mécaniques Jacquard; réducteurs, perforatrices et";10;
8448.19.00;  Autres;10;
8448.20.00; Parties et accessoires des machines du n° 84.44 ou de leurs;10;
8448.31.00;  Garnitures de cardes..;10;
8448.32.10;   Parties et accessoires d'égreneuses à coton;10;
8448.32.90;   Autres;10;
8448.33.00;  Broches et leurs ailettes, anneaux et curseurs;10;
8448.39.00;   Autres.;10;
8448.42.00;   Peignes, lisses et cadres de lisses.;10;
8448.49.00;  Autres..;10;
8448.51.00;  Platines, aiguilles et autres articles participant à la formation des mailles;10;
8448.59.00;  Autres;10;
8449.00.00;Machines  et  appareils  pour  la  fabrication  ou  le finissage du feutre ou des nontis;10;
8450.11.00;  Machines entièrement automatiques(*)..;30;NMB
8450.12.00;  Autres machines, avec essoreuse centrifuge incorporée(*)..;30;NMB
8450.19.00;  Autres(*);30;NMB
8450.20.00; Machines d'une capacité unitaire exprimée en poids de linge sec excédant 10 kg..;20;NMB
8450.90.00; Parties..;20;
8451.10.00; Machines pour le nettoyage à sec..;30;
8451.21.00;   D'une capacité unitaire exprimée en poids de linge sec n'excédant pas 10 kg..;10;
8451.29.00;   Autres..;10;
8451.30.00; Machines et presses à repasser, y compris les presses à fixer.;10;
8451.40.00; Machines  pour  le  lavage,  le  blanchiment  ou  la teinture.;10;
8451.50.00; Machines  à  enrouler,  dérouler,  plier,  couper  ou  denteler les tissus.;10;
8451.80.00; Autres machines et appareils;10;
8451.90.00; Parties..;10;
8452.10.00; Machines à coudre de type ménager(*);20;NMB
8452.21.00;   Unités automatiques(*).;10;NMB
8452.29.00;  Autres(*);10;NMB
8452.30.00; Aiguilles pour machines à coudre(*);20;NMB
8452.40.00; Meubles,  embases  et  couvercles  pour  machines  à  coudre et leurs parties..;20;
8452.90.00; Autres parties de machines à coudre;20;
8453.10.00; Machines et appareils pour la préparation, le tannage ou le travail des cuirs ou peaux;10;
8453.20.00; Machines  et  appareils  pour  la  fabrication  ou  la réparation des chaussures;10;
8453.80.00; Autres machines et appareils;10;
8453.90.00; Parties..;10;
8454.10.00; Convertisseurs.;10;
8454.20.00; Lingotières et poches de coulée;10;
8454.30.00; Machines à couler (mouler).;10;
8454.90.00; Parties;10;
8455.10.00; Laminoirs à tubes;10;
8455.21.00;  Laminoirs à chaud et laminoirs combinés à chaud et à froid;10;
8455.22.00;  Laminoirs à froid...;10;
8455.30.00; Cylindres de laminoirs.;10;
8455.90.00; Autres parties..;10;
8456.10.00; Opérant par laser ou autre faisceau de lumière ou de photons(*).;10;NMB
8456.20.00; Opérant par ultrasons(*).;10;NMB
8456.30.00; Opérant par électroérosion(*)........................;10;NMB
8456.90.00; Autres..;10;NMB
8457.10.00; Centres d'usinage(*);10;NMB
8457.20.00; Machines à poste fixe(*)..;10;NMB
8457.30.00; Machines à stations multiples(*)..;10;NMB
8458.11.00;  A commande numérique(*);10;NMB
8458.19.00;  Autres(*);10;NMB
8458.91.00;  A commande numérique(*)..;10;NMB
8458.99.00;  Autres(*);10;NMB
8459.10.00; Unités d'usinage à glissières(*)..;10;NMB
8459.21.00;  A commande numérique(*)..;10;NMB
8459.29.00;  Autres(*);10;NMB
8459.31.00;  A commande numérique(*)..;10;NMB
8459.39.00;  Autres(*);10;NMB
8459.40.00; Autres machines à aléser(*).;10;NMB
8459.51.00;  A commande numérique(*);10;NMB
8459.59.00;  Autres(*);10;NMB
8459.61.00;  A commande numérique(*)..;10;NMB
8459.69.00;  Autres(*);10;NMB
8459.70.00; Autres machines à fileter ou à tarauder;10;NMB
8460.11.00;  A commande numérique(*)..;10;NMB
8460.19.00;  Autres(*);10;NMB
8460.21.00;  A commande numérique(*);10;NMB
8460.29.00;  Autres(*)..;10;NMB
8460.31.00;  A commande numérique(*);10;NMB
8460.39.00;  Autres(*);10;NMB
8460.40.00; Machines à glacer ou à roder(*);10;NMB
8460.90.00; Autres(*)..;10;NMB
8461.20.00; Etauxlimeurs et machines à mortaiser(*);10;NMB
8461.30.00; Machines à brocher(*).;10;NMB
8461.40.00; Machines à tailler ou à finir les engrenages(*);10;NMB
8461.50.00; Machines à scier ou à tronçonner(*);10;NMB
8461.90.00; Autres(*);10;NMB
8462.10.00; Machines (y compris les presses) à forger ou à estamper, moutons, marteauxpilons et m;10;NMB
8462.21.00;  A commande numérique(*)..;10;NMB
8462.29.00;  Autres(*);10;NMB
8462.31.00;  A commande numérique(*)..;10;NMB
8462.39.00;  Autres(*);10;NMB
8462.41.00;  A commande numérique(*)..;10;NMB
8462.49.00;  Autres(*);10;NMB
8462.91.00;  Presses hydrauliques(*);10;NMB
8462.99.00;  Autres(*);10;NMB
8463.10.00; Bancs à étirer les barres, tubes, profilés, fils ou similaires(*).;10;NMB
8463.20.00; Machines pour exécuter un filetage extérieur ou intérieur par roulage ou laminage(*);10;NMB
8463.30.00; Machines pour le travail des métaux  sous forme de fil(*);10;NMB
8463.90.00; Autres(*).;10;NMB
8464.10.00; Machines à scier..;10;
8464.20.00; Machines à meuler ou à polir;10;
8464.90.00; Autres.;10;
8465.10.00; Machines pouvant effectuer différents types d'opérations d'usinage, sans changement d';10;
8465.91.00;   Machines à scier;10;
8465.92.00;"  Machines à dégauchir ou à raboter; machines à fraiser ou à moulurer";10;
8465.93.00;  Machines à meuler, à poncer ou à polir.;10;
8465.94.00;  Machines à cintrer ou à assembler.;10;
8465.95.00;  Machines à percer ou à mortaiser..;10;
8465.96.00;  Machines à fendre, à trancher ou à dérouler..;10;
8465.99.00;  Autres.;10;
8466.10.00; Porteoutils et filières à déclenchement automatique;10;
8466.20.00; Portepièces..;10;
8466.30.00; Dispositifs diviseurs et autres dispositifs spéciaux se ontant sur machinesoutils;10;
8466.91.00;  Pour machines du n° 84.64;10;
8466.92.00;  Pour machines du n° 84.65.;10;
8466.93.00;  Pour machines des n°s 84.56 à 84.61.;10;
8466.94.00;  Pour machines des n°s 84.62 ou 84.63..;10;
8467.11.00;  Rotatifs (même à percussion).;10;
8467.19.00;  Autres;10;
8467.21.00; Perceuses de tous genres, y compris les perforatrices rotatives.;10;
8467.22.00;  Scies et tronçonneuses;10;
8467.29.00;  Autres.;10;
8467.81.00;  Tronçonneuses à chaîne;10;
8467.89.00;  Autres;10;
8467.91.00;  De tronçonneuses à chaîne;10;
8467.92.00;  D'outils pneumatiques..;10;
8467.99.00;  Autres.;20;
8468.10.00; Chalumeaux guidés à la main..;10;
8468.20.00; Autres machines et appareils aux gaz...;10;
8468.80.00; Autres machines et appareils;10;
8468.90.00; Parties..;10;
8469.00.00;"Machines à écrire autres ques les imprimantes du n° 84.43 ; machines pour le traitement ";10;NMB
8470.10.00; Calculatrices électroniques pouvant fonctionner sans source d'énergie extérieure et m;10;
8470.21.00;  Comportant un organe imprimant..;20;
8470.29.00;  Autres.;20;
8470.30.00; Autres machines à calculer;20;
8470.50.00; Caisses enregistreuses..;20;
8470.90.00; Autres..;20;
8471.30.00; Machines automatiques de traitement de l'information, portatives, d'un poids n'excédan;10;
8471.41.00;  Comportant, sous une même enveloppe, au moins une unité centrale de traitement et, q;10;
8471.49.00;  Autres, se présentant sous forme de systèmes;10;
8471.50.00; Unités de traitement autres  que celles des n°s 8471.41 ou 8471.49, pouvant comporter,;10;
8471.60.00; Unités d'entrée ou de sortie, pouvant comporter, sous la même enveloppe, des unités de;10;
8471.70.00; Unités de mémoire;10;
8471.80.00; Autres unités de machines automatiques de traitement de l'information;10;
8471.90.00; Autres;10;
8472.10.00; Duplicateurs;20;
8472.30.00; Machines pour le triage, le pliage la mise sous enveloppe ou sous bande du courrier, m;20;
8472.90.00; Autres;20;
8473.10.00; Parties et accessoires des machines du n° 84.69..;20;
8473.21.00;  Des  machines  à  calculer  électroniques  des  n°s 8470.10, 8470.21 ou 8470.29;20;
8473.29.00;  Autres;20;
8473.30.00; Parties et accessoires du n° 84.71;10;
8473.40.00; Parties et accessoires des machines du n° 84.72;20;
8473.50.00; Parties et accessoires qui peuvent être utilisés indifféremment avec les machines ou a;20;
8474.10.00; Machines et appareils à trier, cribler, séparer ou  laver.;10;
8474.20.00; Machines et appareils à concasser, broyer ou pulvériser..;10;
8474.31.00;  Bétonnières et appareils à gâcher le ciment;10;
8474.32.00;  Machines à mélanger les matières minérales au bitume;10;
8474.39.00;  Autres..;10;
8474.80.00; Autres machines et appareils;10;
8474.90.00; Parties;10;
8475.10.00; Machines pour l'assemblage des lampes, tubes ou valves électriques ou électroniques ou;10;
8475.21.00;  Machines pour la fabrication des fibres optiques et de leurs ébauches;10;
8475.29.00;  Autres;10;
8475.90.00; Parties;10;
8476.21.00;  Comportant  un  dispositif  de  chauffage  ou  de réfrigération;30;
8476.29.00;  Autres.;30;
8476.81.00;  Comportant  un  dispositif  de  chauffage  ou  de réfrigération;30;
8476.89.00;  Autres;30;
8476.90.00; Parties..;20;
8477.10.00; Machines à mouler par injection..;10;
8477.20.00; Extrudeuses..;10;
8477.30.00; Machines à mouler par soufflage.;10;
8477.40.00; Machines à mouler sous vide et autres machines à  thermoformer..;10;
8477.51.00;  A mouler ou à rechaper les pneumatiques ou à mouler ou à former les chambres à air;10;
8477.59.00;  Autres..;10;
8477.80.00; Autres machines et appareils;10;
8477.90.00; Parties.;10;
8478.10.00; Machines et appareils.;10;
8478.90.00; Parties..;10;
8479.10.00; Machines et appareils pour les travaux publics, le bâtiment ou les travaux analogues;10;
8479.20.00; Machines et appareils pour l'extraction ou la préparation des huiles ou graisses végét;10;
8479.30.00; Presses pour la fabrication de panneaux de particules ou de fibres de bois ou d'autres;10;
8479.40.00; Machines de corderie ou de câblerie;10;
8479.50.00; Robots industriels, non dénommés ni compris ailleurs;10;
8479.60.00; Appareils à évaporation pour le rafraîchissement de l'air.;10;
8479.81.00;  Pour le traitement des métaux, y compris les bobineuses pour enroulements électrique;10;
8479.82.00;  A mélanger, malaxer, concasser, broyer, cribler, tamiser, homogénéiser, émulsionner ;10;
8479.89.00;  Autres.;10;
8479.90.00; Parties;10;
8480.10.00; Châssis de fonderie..;10;
8480.20.00; Plaques de fond pour moules...;10;
8480.30.00; Modèles pour moules;10;
8480.41.00;  Pour le moulage par injection ou par compression..;10;
8480.49.00;  Autres;10;
8480.50.00; Moules pour le verre;10;
8480.60.00; Moules pour les matières minérales;10;
8480.71.00;  Pour le moulage par injection ou par compression;10;
8480.79.00;  Autres..;10;
8481.10.00; Détendeurs;20;
8481.20.00; Valves  pour  transmissions  oléohydrauliques  ou pneumatiques;20;
8481.30.00; Clapets et soupapes de retenue.;10;
8481.40.00; Soupapes de tropplein ou de sûreté..;20;
8481.80.00; Autres articles de robinetterie et organes similaires;20;
8481.90.00; Parties..;20;
8482.10.00; Roulements à billes.;10;
8482.20.00; Roulements à rouleaux coniques, y compris les assemblages de cônes et rouleaux conique;10;
8482.30.00; Roulements à rouleaux en forme de tonneau..;10;
8482.40.00; Roulements à aiguilles.;10;
8482.50.00; Roulements à rouleaux cylindriques;10;
8482.80.00; Autres, y compris les roulements combinés;10;
8482.91.00;  Billes, galets, rouleaux et aiguilles;10;
8482.99.00;  Autres..;10;
8483.10.00; Arbres de transmission (y compris les arbres à cames et les vilebrequins) et manivelle;10;
8483.20.00; Paliers à roulements incorporés;10;
8483.30.00;" Paliers,  autres  qu'à  roulements  incorporés ; coussinets";10;
8483.40.00; Engrenages et roues de friction, autres que les roues dentées et autres organes élémen;10;
8483.50.00; Volants et poulies, y compris les poulies à moufles..;10;
8483.60.00; Embrayages et organes d'accouplement, y compris les joints d'articulation.;10;
8483.90.00;" Roues dentées et autres organes élémentaires de transmission présentés séparément ; pa";10;
8484.10.00; Joints métalloplastiques..;10;
8484.20.00; Joints d'étanchéité mécaniques..;10;
8484.90.00; Autres..;10;
8486.10.00; Machines et appareils pour la fabrication de lingots ou de plaquettes;10;
8486.20.00; Machines et appareils pour la fabrication de dispositifs à semiconducteur ou des circ;10;
8486.30.00; Machines et appareils pour la fabrication de dispositifs d'affichage à écran plat;10;
8486.40.00; Machines et appareils visés à la Note 9 C) du présent Chapitre;10;
8486.90.00; Parties et accessoires..;10;
8487.10.00; Hélices pour bateaux et leurs pales.;10;
8487.90.10;  Batis et socles de machines;10;
8487.90.90;  Autres parties;10;
8501.10.00; Moteurs  d'une  puissance  n'excédant pas 37,5 W..;10;
8501.20.00; Moteurs universels d'une puissance excédant 37,5 W;10;
8501.31.00;  D'une puissance n'excédant pas 750 W;10;
8501.32.00;  D'une puissance excédant  750 W mais n'excédant pas 75 KW;10;
8501.33.00;  D'une puissance excédant  75 kW mais n'excédant pas 375 KW.;10;
8501.34.00;  D'une puissance excédant 375 kW;10;
8501.40.00; Autres moteurs à courant alternatif, monophasés;10;
8501.51.00;  D'une puissance n'excédant pas 750 W;10;
8501.52.00;  D'une puissance excédant  750 W mais n'excédant pas 75 kW;10;
8501.53.00;  D'une puissance excédant 75 kW..;10;
8501.61.00;  D'une puissance n'excédant pas 75 kVA..;10;
8501.62.00;  D'une puissance excédant 75 kVA mais n'excédant pas 375 kVA...;10;
8501.63.00;  D'une puissance excédant 375 kVA mais n'excédant pas 750 kVA....;10;
8501.64.00;  D'une puissance excédant 750 kVA..;10;
8502.11.00;  D'une puissance n'excédant pas 75 kVA..;10;
8502.12.00;  D'une puissance excédant 75 kVA mais n'excédant pas 375 kVA...;10;
8502.13.00;  D'une puissance excédant 375 kVA.;10;
8502.20.00; Groupes électrogènes à moteur à piston à allumage  par étincelles (moteurs à explosion;10;
8502.31.00;  A énergie éolienne.;10;
8502.39.00;  Autres;10;
8502.40.00; Convertisseurs rotatifs électriques;10;
8503.00.00;Parties reconnaissables comme étant exclusivement ou principalement destinées aux machi;10;
8504.10.00; Ballasts pour lampes ou tubes à décharge;10;
8504.21.00;  D'une puissance n'excédant pas 650 kVA. ;10;
8504.22.00;  D'une puissance excédant 650 kVA mais n'excédant pas 10.000 kVA.;10;
8504.23.00;  D'une puissance excédant 10.000 kVA;10;
8504.31.00;  D'une puissance n'excédant pas 1 kVA.;10;
8504.32.00;  D'une puissance excédant 1 kVA mais n'excédant pas 16 kVA;10;
8504.33.00;  D'une puissance excédant 16 kVA mais n'excédant pas 500 kVA;10;
8504.34.00;  D'une puissance excédant 500 kVA.;10;
8504.40.00; Convertisseurs statiques.;10;
8504.50.00; Autres bobines de réactance et autres selfs.;10;
8504.90.00; Parties..;10;
8505.11.00;  En méta;10;
8505.19.00;  Autres;10;
8505.20.00; Accouplements, embrayages, variateurs de vitesse et freins électromagnétiques.;10;
8505.90.00; Autres, y compris les parties;10;
8506.10.00; Au bioxyde de manganèse;30;
8506.30.00; A l'oxyde de mercure..;30;
8506.40.00; A l'oxyde d'argent..;30;
8506.50.00; Au lithium;30;
8506.60.00; A l'airzinc;30;
8506.80.00; Autres.piles et batteries de piles;10;
8506.90.00; Parties.;20;
8507.10.00; Au plomb, des types utilisés pour le démarrage des moteurs à piston(*).;30;NMB
8507.20.00; Autres accumulateurs au plomb (*)..;10;NMB
8507.30.00; Au nickelcadmium(*).;20;NMB
8507.40.00; Au nickelfer(*);20;NMB
8507.80.00; Autres accumulateurs(*)..;20;NMB
8507.90.00; Parties..;20;NMB
8508.11.00;  D'une puissance n'excédant pas 1.500 W et dont le volume du réservoir n'excède pas 2;20;
8508.19.00;  Autres;20;
8508.60.00; Autres aspirateurs;20;
8508.70.00; Parties..;20;
8509.40.00;" Broyeurs et mélangeurs pour aliments; presse fruits et presselégumes.";30;
8509.80.00; Autres appareils;30;
8509.90.00; Parties..;20;
8510.10.00; Rasoirs;30;
8510.20.00; Tondeuses;30;
8510.30.00; Appareils à épiler;30;
8510.90.00; Parties;20;
8511.10.00; Bougies d'allumage..;20;
8511.20.00;" Magnétos; dynamosmagnétos; volants magnétiques";20;
8511.30.00;" Distributeurs; bobines d'allumage";20;
8511.40.00; Démarreurs, même fonctionnant comme génératrices.;20;
8511.50.00; Autres génératrices..;20;
8511.80.00; Autres appareils et dispositifs..;20;
8511.90.00; Parties..;20;
8512.10.00; Appareils d'éclairage ou de signalisation visuelle  des types utilisés pour les bicycl;20;
8512.20.00; Autres appareils d'éclairage ou de signalisation visuelle;20;
8512.30.00; Appareils de signalisation acoustique.;20;
8512.40.00; Essuieglaces, dégivreurs et dispositifs antibuée.;20;
8512.90.00; Parties..;20;
8513.10.00; Lampes;20;
8513.90.00; Parties.;20;
8514.10.00; Fours à résistance (à chauffage indirect).;10;
8514.20.00; Fours  fonctionnant  par  induction  ou  par  pertes diélectriques..;10;
8514.30.00; Autres fours..;10;
8514.40.00; Autres appareils pour le traitement thermique des matières par induction ou par pertes;10;
8514.90.00; Parties..;10;
8515.11.00;  Fers et pistolets à braser;10;
8515.19.00;  Autres;10;
8515.21.00;  Entièrement ou partiellement automatique;10;
8515.29.00;  Autres;10;
8515.31.00;  Entièrement ou partiellement automatiques..;10;
8515.39.00;  Autres;10;
8515.80.00; Autres machines et appareils..;10;
8515.90.00; Parties.;10;
8516.10.00; Chauffeeau et thermoplongeurs électriques;30;
8516.21.00;  Radiateurs à accumulation.;30;
8516.29.00;  Autres;30;
8516.31.00;  Sèchecheveux..;30;
8516.32.00;  Autres appareils pour la coiffure;30;
8516.33.00;  Appareils pour sécher les mains;30;
8516.40.00; Fers à repasser électriques;30;
8516.50.00; Fours à microondes..;30;
8516.60.00;" Autres fours; cuisinières, réchauds (y compris les tables de cuisson), grils et rôtiss";30;
8516.71.00;  Appareils pour la préparation du café ou du thé..;30;
8516.72.00;  Grillepain.;30;
8516.79.00;  Autres;30;
8516.80.00; Résistances chauffantes.;30;
8516.90.00; Parties..;20;
8517.11.00;  Postes téléphoniques d'usagers par fil à combinés  sans fil;10;
8517.12.00;  Téléphones pour réseaux cellulaires et pour autres réseaux sans fil ..;10;
8517.18.00;  Autres ..;10;
8517.61.00;  Stations de base;10;
8517.62.00;  Appareils pour la réception, la conversion et la  transmission ou la régénération de;10;
8517.69.00;  Autres;10;
8517.70.00; Parties..;10;
8518.10.00; Microphones et leurs supports.;30;
8518.21.00;  Hautparleur unique monté dans son enceinte;30;
8518.22.00;  Hautparleurs  multiples  montés  dans  la  même enceinte;30;
8518.29.00;  Autres;30;
8518.30.00; casques d'écoute et écouteurs, même combinés avec un microphone, et ensembles ou assor;30;
8518.40.00; Amplificateurs électriques d'audiofréquence;30;
8518.50.00; Appareils électriques d'amplification du son;30;
8518.90.00; Parties.;30;
8519.20.00; Appareils fonctionnant par l'introduction d'une pièce de monnaie, d'un billet de banqu;30;NMB
8519.30.00; Platines tournedisques;30;NMB
8519.50.00; Répondeurs téléphoniques. (*);30;NMB
8519.81.00;  Utilisant un support magnétique, optique ou à semiconducteur;30;NMB
8519.89.00;  Autres;30;NMB
8521.10.00;  A bandes magnétiques(*);30;NMB
8521.90.00;  Autres(*);30;NMB
8522.10.00; Lecteurs phonographiques;30;
8522.90.00; Autres;20;
8523.21.00;  Cartes munies d'une piste magnétique.;30;
8523.29.00;  Autres....;30;
8523.40.00; Supports optiques;30;
8523.51.00;  Dispositifs de stockage rémanent des données à base de semiconducteurs;30;
8523.52.00;  « Cartes intelligentes »;30;
8523.59.00; Autres;30;
8523.80.00; Autres.;30;
8525.50.00; Appareils d'émission.;10;NMB
8525.60.00; Appareils d'émission incorporant un appareil de réception;10;NMB
8525.80.00; Caméras de télévision, appareils photographiques numériques et caméscopes;10;NMB
8526.10.00; Appareils de radiodétection et de radiosondage (radar);10;
8526.91.00;  Appareils de radionavigation..;10;
8526.92.00;  Appareils de radiotélécommande;10;
8527.12.00;  Radiocassettes de poche;30;NMB
8527.13.00;  Autres  appareils  combinés  à  un  appareil d'enregistrement ou de reproduction du ;30;NMB
8527.19.00;  Autres;30;NMB
8527.21.00;  Combiné à un appareil d'enregistrement ou de reproduction du son(*).;30;NMB
8527.29.00;  Autres(*);30;NMB
8527.91.00; Combinés à un appareil d'enregistrement ou de reproduction du son.;30;NMB
8527.92.00; Non combinés à un appareil d'enregistrement ou de reproduction du son mais combinés à;30;NMB
8527.99.00;  Autres;30;NMB
8528.41.00; Des types exclusivement ou principalement destinés à une machine automatique de trait;30;NMB
8528.49.00;  Autres..;30;NMB
8528.51.00; Des types exclusivement ou principalement destinés à une machine automatique de trait;30;NMB
8528.59.00;  Autres;30;NMB
8528.61.00;  Des types exclusivement ou principalement destinés à une machine automatique de trai;30;NMB
8528.69.00;  Autres..;30;NMB
8528.71.00;  Non conçus pour incorporer un dispositif d'affichage ou un écran vidéo;30;NMB
8528.72.00;  Autres, en couleurs;30;NMB
8528.73.00;  Autres, en noir et blanc ou en autres monochromes.;30;NMB
8529.10.00;" Antennes et réflecteurs d'antennes de tous types; parties  reconnaissables  comme  éta";20;
8529.90.00; Autres..................................;20;
8530.10.00; Appareils pour voies ferrées ou similaires..;10;
8530.80.00; Autres appareils...;10;
8530.90.10;  Pour appareils pour voies ferrées ou similaires.;10;
8530.90.90;  Autres.;10;
8531.10.00; Avertisseurs électriques pour la protection contre le vol ou l'incendie et appareils s;20;
8531.20.00; Panneaux indicateurs incorporant des dispositifs à cristaux liquides (LCD) ou à diodes;20;
8531.80.00; Autres appareils..;20;
8531.90.00; Parties.;20;
8532.10.00; Condensateurs fixes conçus pour les réseaux électriques de 50/60 Hz et capables d'abso;10;
8532.21.00;  Au tantale.;10;
8532.22.00;  Electrolytiques à l'aluminium;10;
8532.23.00;  A diélectrique en céramique, à une seule couche...;10;
8532.24.00;  A diélectrique en céramique, multicouches;10;
8532.25.00;  A diélectrique en papier ou en matières plastiques..................................;10;
8532.29.00;  Autres;10;
8532.30.00; Condensateurs variables ou ajustables;10;
8532.90.00; Parties.;10;
8533.10.00; Résistances fixes au carbone, agglomérées ou à couche.;20;
8533.21.00;  Pour une puissance n'excédant pas 20 W.;10;
8533.29.00;  Autres..;10;
8533.31.00;  Pour une puissance n'excédant pas 20 W;10;
8533.39.00;  Autres..........................................................;10;
8533.40.00; Autres résistances variables (y compris les rhéostats et les potentiomètres)..;10;
8533.90.00; Parties..................................;10;
8534.00.00;Circuits imprimés;10;
8535.10.00; Fusibles et coupecircuit à fusibles.;10;
8535.21.00;  Pour une tension inférieure à 72,5 kv.............;10;
8535.29.00;  Autres.;10;
8535.30.00; Sectionneurs et interrupteurs...........................;10;
8535.40.00; Parafoudres, limiteurs de tension et étaleurs d'ondes.;10;
8535.90.00; Autres..............................................................;10;
8536.10.00; Fusibles et coupecircuit à fusibles.;20;
8536.20.00; Disjoncteurs....;20;
8536.30.00; Autres appareils pour la protection des circuits électriques..........................;20;
8536.41.00;  Pour une tension n'excédant pas 60 V..;20;
8536.49.00;  Autres............................................................;20;
8536.50.00; Autres interrupteurs, sectionneurs et commutateurs.;20;
8536.61.00;  Douilles pour lampes.;20;
8536.69.00;  Autres............................................................;20;
8536.70.00; Connecteurs pour fibres optiques, faisceaux ou câbles de fibres optiques;20;
8536.90.00; Autres appareils.;20;
8537.10.00; Pour une tension n'excédant pas 1.000 V;10;
8537.20.00; Pour une tension excédant 1.000 V..................;10;
8538.10.00; Tableaux, panneaux, consoles, pupitres, armoires et autres supports du n° 85.37, dépou;10;
8538.90.00; Autres.;20;
8539.10.00; Articles dits phares et projecteurs scellés..;20;
8539.21.00;  Halogènes, au tungstène................................;20;
8539.22.00;  Autres, d'une puissance n'excédant pas 200 W et d'une tension excédant 100 V..;20;
8539.29.00;  Autres...........................................................;20;
8539.31.00;  Fluorescents, à cathode chaude.;20;
8539.32.00;"  Lampes  à  vapeur  de  mercure  ou  de  sodium ; lampes à halogénure métallique..";20;
8539.39.00;  Autres;20;
8539.41.00;  Lampes à arc;20;
8539.49.00;  Autres;20;
8539.90.00; Parties..;20;
8540.11.00;  En couleurs..;20;
8540.12.00;  En noir et blanc ou en autres monochromes;20;
8540.20.00;" Tubes  pour  caméras  de  télévision ;  tubes convertisseurs ou intensificateurs d'ima";20;
8540.40.00; Tubes de visualisation des données graphiques, en couleurs avec un écran phosphorique ;20;
8540.50.00; Tubes de visualisation des données graphiques en noir et blanc ou en autres monochrome;20;
8540.60.00; Autres tubes cathodiques................................;20;
8540.71.00;  Magnétrons;20;
8540.72.00;  Klystrons........................................................;20;
8540.79.00;  Autres.;20;
8540.81.00;  Tubes de réception ou d'amplification..;20;
8540.89.00;  Autres.;20;
8540.91.00;  De tubes cathodiques;20;
8540.99.00;  Autres;20;
8541.10.00; Diodes, autres que les photodiodes et les diodes émettrices de lumière................;10;
8541.21.00;  A pouvoir de dissipation inférieur à 1 W;10;
8541.29.00;  Autres............................................................;10;
8541.30.00; Thyristors, diacs et triacs, autres que les dispositifs photosensibles;10;
8541.40.00; Dispositifs photosensibles à semiconducteur, y compris les cellules photovoltaïques m;10;
8541.50.00; Autres dispositifs à semiconducteur...............;10;
8541.60.00; Cristaux piézoélectriques montés;10;
8541.90.00; Parties..;10;
8542.31.00;  Processeurs et contrôleurs, même combinés avec des mémoires, des convertisseurs, des;10;
8542.32.00;  Mémoires;10;
8542.33.00;  Amplificateurs .;10;
8542.39.00;  Autres;10;
8542.90.00; Parties..;10;
8543.10.00; Accélérateurs de particules.;10;
8543.20.00; Générateurs de signaux......;10;
8543.30.00; Machines  et  appareils  de  galvanoplastie,   électrolyse ou électrophorèse;10;
8543.70.00; Autres machines et appareils;10;
8543.90.00; Parties;10;
8544.11.00;  En cuivre.;20;
8544.19.00;  Autres;20;
8544.20.00; Câbles coaxiaux et autres conducteurs électriques coaxiaux;20;
8544.30.00; Jeux de fils pour bougies d'allumage et autres jeux de fils des types utilisés dans le;20;
8544.42.00;  Munis de pièces de connexion......................;20;
8544.49.00;  Autres;20;
8544.60.00; Autres  conducteurs  électriques,  pour  tensions excédant 1.000 V.;10;
8544.70.00; Câbles de fibres optiques;10;
8545.11.00;  Des types utilisés pour fours..;10;
8545.19.00;  Autres.;20;
8545.20.00; Balais;20;
8545.90.00; Autres.;20;
8546.10.00; En verre...........................................................;10;
8546.20.00; En céramique;10;
8546.90.00; Autres;10;
8547.10.00; Pièces isolantes en céramique.;10;
8547.20.00; Pièces isolantes en matières plastiques.;10;
8547.90.00; Autres..;10;
8548.10.00;" Déchets et débris de piles, de batteries de piles et d'accumulateurs  électriques ;  p";10;
8548.90.00; Autres.;10;
8601.10.10;  Pour voies de plus de 0,60 m d'écartement;10;
8601.10.20;  Pour voies de 0,60 m ou moins d'écartement;10;
8601.20.10;  Pour voies de plus de 0,60 m d'écartement;10;
8601.20.20;  Pour voies de 0,60 m ou moins d'écartement;10;
8602.10.10;  Pour voies de plus de 0,60 m d'écartement;10;
8602.10.20;  Pour voies de 0,60 m ou moins d'écartement;10;
8602.90.10;  Pour voies de plus de 0,60 m d'écartement;10;
8602.90.20;  Pour voies de 0,60 m ou moins d'écartement;10;
8603.10.10;  Pour voies de plus de 0,60 m d'écartement;10;
8603.10.20;  Pour voies de 0,60 m ou moins d'écartement;10;
8603.90.10;  Pour voies de plus de 0,60 m d'écartement;10;
8603.90.20;  Pour voies de 0,60 m ou moins d'écartement;10;
8604.00.10; Pour voies de plus de 0,60 m d'écartement;10;
8604.00.20; Pour voies de 0,60 m ou moins d'écartement;10;
8605.00.10; Pour voies de plus de 0,60 m d'écartement;10;
8605.00.20; Pour voies de 0,60 m ou moins d'écartement;10;
8606.10.10;  Pour voies de plus de 0,60 m d'écartement (*)..;10;NMB
8606.10.20;  Pour voies de 0,60 m ou moins d'écartement (*);10;NMB
8606.30.10;  Pour voies de plus de 0,60 m d'écartement (*);10;NMB
8606.30.20;  Pour voies de 0,60 m ou moins d'écartement (*);10;NMB
8606.91.10;   Pour voies de plus de 0,60 m d'écartement (*).;10;NMB
8606.91.20;   Pour voies de 0,60 m ou moins d'écartement (*);10;NMB
8606.92.10;   Pour voies de plus de 0,60 m d'écartement (*)..;10;NMB
8606.92.20;   Pour voies de 0,60 m ou moins d'écartement (*);10;NMB
8606.99.10;   Pour voies de plus de 0,60 m d'écartement (*)..;10;NMB
8606.99.20;   Pour voies de 0,60 m ou moins d'écartement (*).;10;NMB
8607.11.00;  Bogies et bissels de traction.........................;10;
8607.12.00;  Autres bogies et bissels................................;10;
8607.19.00;  Autres, y compris les parties.;10;
8607.21.00;  Freins à air comprimé et leurs parties;10;
8607.29.00;  Autres............................................................;10;
8607.30.00; Crochets et autres systèmes d'attelage, tampons de chocs, et leurs parties.;10;
8607.91.00;  De locomotives ou de locotracteurs;10;
8607.99.00;  Autres.;10;
8608.00.00;"Matériel fixe de voies ferrées ou similaires ; appareils mécaniques (y compris électromé";10;
8609.00.00;Cadres et conteneurs (y compris les conteneursciternes et les conteneursréservoirs) sp;10;
8701.10.00; Motoculteurs(*).......................;10;NMB
8701.20.10;  D'une cylindrée de moins de 4.500 cm3(*).;10;NMB
8701.20.20;  D'une cylindrée de 4.500 cm3 ou plus(*)...;10;NMB
8701.30.10;  De 4.000 kg ou moins(*)...............................;10;NMB
8701.30.20;  De plus de 4.000 kg(*)..................................;10;NMB
8701.90.11;   Tracteurs agricoles, à roues(*)....................;10;NMB
8701.90.12;   Autres tracteurs à roues, d'une cylindrée de moins de 4.500 cm3(*)................;10;NMB
8701.90.13;   Autres tracteurs à roues, d'une cylindrée de 4.500 cm3 ou plus(*)......;10;NMB
8701.90.20;   A moteur électrique(*)..................;10;NMB
8702.10.10;  A moteur diesel à un essieu moteur (*).;10;NMB
8702.10.90;  A moteur diesel à plus d'un essieu moteur (*);30;NMB
8702.90.10;  Autres, à un essieu moteur (*);10;NMB
8702.90.90;  Autres, à plus d'un essieu moteur (*);30;NMB
8703.10.00;" Véhicules spécialement conçus pour se déplacer sur la neige; véhicules spéciaux pour l";30;NMB
8703.21.10;   A un essieu moteur(*)................................;30;NMB
8703.21.90;   Autres(*)....................................................;30;NMB
8703.22.10;   A un essieu moteur(*)................................;30;NMB
8703.22.90;   Autres(*)....................................................;30;NMB
8703.23.10;   A un essieu moteur(*)................................;30;NMB
8703.23.90;   Autres(*)....................................................;30;NMB
8703.24.10;   A un essieu moteur(*)................................;30;NMB
8703.24.90;   Autres(*).....................................................;30;NMB
8703.31.10;   A un essieu moteur(*).................................;30;NMB
8703.31.90;   Autres(*)....................................................;30;NMB
8703.32.10;   A un essieu moteur(*).................................;30;NMB
8703.32.90;   Autres(*)......................................................;30;NMB
8703.33.10;   A un essieu moteur(*).................................;30;NMB
8703.33.90;   Autres(*).....................................................;30;NMB
8703.90.00; Autres(*).........................................................;30;NMB
8704.10.00; Tombereaux automoteurs conçus pour être utilisés en dehors du réseau routier(*).....;10;NMB
8704.21.00;  D'un  poids  en  charge  maximal  n'excédant pas 5 tonnes(*)........................;20;NMB
8704.22.00;  D'un poids en charge maximal excédant 5 tonnes mais n'excédant pas 20 tonnes(*)...;20;NMB
8704.23.00;  D'un  poids  en  charge  maximal  excédant 20 tonnes(*).............................;10;NMB
8704.31.00;  D'un poids en charge maximal n'excédant pas5 tonnes(*)..............................;20;NMB
8704.32.00;  D'un poids en charge maximal excédant 5 tonnes(*)...................................;20;NMB
8704.90.00; Autres(*).........................................................;10;NMB
8705.10.00; Camionsgrues(*)..........................................;10;NMB
8705.20.00; Derricks  automobiles  pour  le  sondage  ou  le forage(*)............................;10;NMB
8705.30.00; Voitures de lutte contre l'incendie(*)......;10;NMB
8705.40.00; Camionsbétonnières(*)......................;10;NMB
8705.90.00; Autres(*)..........................................................;10;NMB
8706.00.10; A un essieu moteur..........................................;20;
8706.00.90; Autres..............................................................;20;
8707.10.00; Des véhicules du n° 87.03...............................;20;
8707.90.00; Autres..............................................................;20;
8708.10.00; Parechocs et leurs parties...............................;20;
8708.21.00;  Ceintures de sécurité.;20;
8708.29.00;  Autres...........................................................;20;
8708.30.00; Freins et servofreins , et leurs parties;20;
8708.40.00; Boîtes de vitesses et leurs parties.....................;20;
8708.50.00; Ponts avec différentiel, même pourvus d'autres organes de transmission, et essieux por;20;
8708.70.00; Roues, leurs parties et accessoires;20;
8708.80.00; Systèmes de suspension  et leurs parties (y compris les amortisseurs de suspension)...;20;
8708.91.00;  Radiateurs et leurs parties;20;
8708.92.00;"  Silencieux et tuyaux d'échappement ; leurs parties..";20;
8708.93.00;  Embrayages et leurs parties;20;
8708.94.00;"  Volants, colonnes et boîtiers de direction ; leurs parties.";20;
8708.95.00;"  Coussins gonflables de sécurité avec système de gonflage (airbags) ; leurs parties";20;
8708.99.00;  Autres..............................;20;
8709.11.00;  Electriques..;10;
8709.19.00;  Autres.;10;
8709.90.00; Parties..;10;
8710.00.00;"Chars et automobiles blindées de combat, armés ou non; leurs parties";10;
8711.10.00; A moteur à piston alternatif, d'une cylindrée n'excédant pas 50 cm3(*)..;30;NMB
8711.20.00; A  moteur  à  piston  alternatif,  d'une  cylindrée excédant 50 cm3 mais n'excédant pa;30;NMB
8711.30.00; A  moteur  à  piston  alternatif,  d'une  cylindrée excédant 250 cm3 mais n'excédant p;30;NMB
8711.40.00; A  moteur  à  piston  alternatif,  d'une  cylindrée excédant 500 cm3 mais n'excédant p;30;NMB
8711.50.00; A  moteur  à  piston  alternatif,  d'une  cylindrée excédant 800 cm3(*)..;30;NMB
8711.90.00; Autres(*)..;30;NMB
8712.00.00;Bicyclettes  et  autres  cycles  (y  compris  les triporteurs), sans moteur(*);30;NMB
8713.10.00; Sans mécanisme de propulsion;5;
8713.90.00; Autres;5;
8714.11.00;  Selles.;20;
8714.19.00;  Autres.;20;
8714.20.00; De fauteuils roulants ou d'autres véhicules pour invalides..;5;
8714.91.00;  Cadres et fourches, et leurs parties;20;
8714.92.00;  Jantes et rayons.;20;
8714.93.00;  Moyeux  (autres  que  les  moyeux  à  freins)  et pignons de roues libres;20;
8714.94.00;  Freins,  y  compris  les  moyeux  à  freins, et leurs parties;20;
8714.95.00;  Selles.;20;
8714.96.00;  Pédales et pédaliers, et leurs parties..;20;
8714.99.00;  Autres;20;
8715.00.00;Landaus,  poussettes  et  voitures  similaires  pour le transport des enfants, et leurs ;30;
8716.10.00; Remorques et semiremorques pour l'habitation ou le camping, du type caravane(*);30;NMB
8716.20.00; Remorques et semiremorques autochargeuses ou autodéchargeuses, pour usages agricoles(;20;NMB
8716.31.00;   Citernes(*);20;NMB
8716.39.00;  Autres(*);20;NMB
8716.40.00; Autres remorques et semiremorques(*)..;20;NMB
8716.80.10;  Charrettes et tombereaux à usage agricole(*);20;NMB
8716.80.20;  Brouettes(*);20;NMB
8716.80.90;  Autres(*).;20;NMB
8716.90.10;  De charrettes et tombereaux à usages agricoles..;10;
8716.90.90;  Autres..;10;
8802.11.00;  D'un poids à vide n'excédant pas 2.000 kg..;0;
8802.12.00;  D'un poids à vide excédant 2.000 kg.;0;
8802.20.00; Avions et autres véhicules aériens, d'un poids à vide n'excédant pas 2.000 kg.;0;
8802.30.00; Avions et autres véhicules aériens, d'un poids à vide excédant 2.000 kg mais n'excédan;0;
8802.40.00; Avions et autres véhicules aériens, d'un poids à vide excédant 15.000 kg.;0;
8802.60.00; Véhicules spatiaux (y compris les satellites) et leurs véhicules lanceurs et véhicules;0;
8803.10.00; Hélices et rotors, et leurs parties.;0;
8803.20.00; Trains d'atterrissage et leurs parties;0;
8803.30.00; Autres parties d'avions ou d'hélicoptères;0;
8803.90.00; Autres...;0;
8804.00.00;"Parachutes (y compris les parachutes dirigeables et les parapentes) et rotochutes ; leu";0;
8805.10.00;" Appareils et dispositifs pour le lancement de véhicules aériens et leurs parties ; app";0;
8805.21.00;  Simulateurs de combat aérien et leurs parties;0;
8805.29.00;  Autres;0;
8901.10.10;  Transbordeurs(*);10;NMB
8901.10.91;   Pour la navigation maritime, d'une jauge brute de plus de 250 tonneaux(*)..;10;NMB
8901.10.92;   Pour la navigation maritime, d'une jauge brute de 250 tonneaux et moins(*).;10;NMB
8901.10.93;   Pour la navigation intérieure(*)...................;10;NMB
8901.20.10;  Pour la navigation maritime, d'une jauge brute de plus de 250 tonneaux(*)..;10;NMB
8901.20.20;  Pour la navigation maritime, d'une jauge brute de 250 tonneaux et moins(*)..;10;NMB
8901.20.30;  Pour la navigation intérieure(*)..;10;NMB
8901.30.10;  Pour la navigation maritime, d'une jauge brute de plus de 250 tonneaux(*);10;NMB
8901.30.20;  Pour la navigation maritime, d'une jauge brute de 250 tonneaux et moins(*).;10;NMB
8901.30.30;  Pour la navigation intérieure(*)..;10;NMB
8901.90.10;  Pour la navigation maritime, d'une jauge brute de plus de 250 tonneaux(*)...........;10;NMB
8901.90.20;  Pour la navigation maritime, d'une jauge brute de250 tonneaux et moins(*).;10;NMB
8901.90.30;  Pour la navigation intérieure(*);10;NMB
8902.00.00;"Bateaux  de  pêche ;  naviresusines  et  autres bateaux pour le traitement ou la mise e";10;NMB
8903.10.00; Bateaux gonflables(*)..;30;NMB
8903.91.00;  Bateaux à voile, même avec moteur auxiliaire(*).....................................;30;NMB
8903.92.00;  Bateaux à moteur, autres qu'à moteur horsbord(*)...;30;NMB
8903.99.00;  Autres(*)..;30;NMB
8904.00.00;Remorqueurs et bateauxpousseurs(*).;10;NMB
8905.10.00; Bateauxdragueurs(*)......................................;10;NMB
8905.20.00; Platesformes de forage ou d'exploitation, flottantes ou submersibles(*).;10;NMB
8905.90.00; Autres(*)..;10;NMB
8906.10.00; Navires de guerre(*);10;NMB
8906.90.00; Autres(*)..;10;NMB
8907.10.00; Radeaux gonflables.;10;
8907.90.00; Autres..;10;
8908.00.00;Bateaux et autres engins flottants à dépecer.;10;
9001.10.00; Fibres optiques, faisceaux et câbles de fibres optiques..;10;
9001.20.00; Matières polarisantes en feuilles ou en plaques;10;
9001.30.00; Verres de contact.;10;
9001.40.00; Verres de lunetterie en verre;10;
9001.50.00; Verres de lunetterie en autres matières.;10;
9001.90.00; Autres;10;
9002.11.00;  Pour appareils de prise de vues, pour projecteurs ou pour appareils photographiques ;10;
9002.19.00;  Autres;10;
9002.20.00; Filtres;10;
9002.90.00; Autres;10;
9003.11.00;  En matières plastiques..;30;
9003.19.00;  En autres matières.;30;
9003.90.00; Parties.;30;
9004.10.00; Lunettes solaires;30;
9004.90.10;  Lunettes correctrices...;5;
9004.90.20;  Lunettes protectrices..;20;
9004.90.90;  Autres lunettes;30;
9005.10.00; Jumelles;20;
9005.80.00; Autres instruments..;20;
9005.90.00; Parties et accessoires (y compris les bâtis)..;20;
9006.10.00; Appareils photographiques des types utilisés pour la préparation des clichés ou cylind;20;
9006.30.00; Appareils photographiques spécialement conçus pour la photographie sousmarine ou aéri;20;
9006.40.00; Appareils photographiques à développement et tirage instantanés;20;
9006.51.00;  A visée à travers l'objectif, pour pelliculesen rouleaux d'une largeur n'excédant pa;30;
9006.52.00;  Autres, pour pellicules en rouleaux d'une largeur inférieure à 35 mm.;30;
9006.53.00;  Autres, pour pellicules en rouleaux d'une largeur de 35 mm..;30;
9006.59.00;  Autres..;30;
9006.61.00;  Appareils à tube à décharge pour la production de la lumièreéclair (dits << flashes;30;
9006.69.00;  Autres.;30;
9006.91.00;  D'appareils photographiques.;20;
9006.99.00;  Autres.;20;
9007.11.00;  Pour films d'une largeur inférieure à 16 mm ou pour films double8 m..;30;
9007.19.00;  Autres;30;
9007.20.00; Projecteurs;30;
9007.91.00;  De caméras;20;
9007.92.00;  De projecteurs..;20;
9008.10.00; Projecteurs de diapositives;30;
9008.20.00; Lecteurs de microfilms, de microfiches ou d'autres microformats,  même  permettant  l';30;
9008.30.00; Autres projecteurs d'images fixes;30;
9008.40.00; Appareils photographiques d'agrandissement ou de réduction..;30;
9008.90.00; Parties et accessoires;20;
9010.10.00; Appareils et matériel pour le développement automatique des pellicules photographiques;10;
9010.50.00;" Autres appareils et matériel pour laboratoires photographiques ou cinématographiques; ";20;
9010.60.00; Ecrans pour projections;20;
9010.90.00; Parties et accessoires;10;
9011.10.00; Microscopes stéréoscopiques;10;
9011.20.00; Autres microscopes, pour la photomicrographie, la cinéphotomicrographie ou la micropr;10;
9011.80.00; Autres microscopes.;10;
9011.90.00; Parties et accessoires;10;
9012.10.00;" Microscopes autres qu'optiques ; diffractographes..";10;
9012.90.00; Parties et accessoires..;10;
9013.10.10;  Lunettes de visée pour armes.;30;
9013.10.90;  Autres.;10;
9013.20.00; Lasers, autres que les diodes laser;10;
9013.80.10;   Stéréoscopes.;10;
9013.80.90;  Autres;10;
9013.90.00; Parties et accessoires;10;
9014.10.00; Boussoles, y compris les compas de navigation;10;
9014.20.00; Instruments et appareils pour la navigation aérienne ou spatiale (autres que les bouss;10;
9014.80.00; Autres instruments et appareils.;10;
9014.90.00; Parties et accessoires.;10;
9015.10.00; Télémètres..;10;
9015.20.00; Théodolites et tachéomètres;10;
9015.30.00; Niveaux;10;
9015.40.00; Instruments et appareils de photogrammétrie..;10;
9015.80.00; Autres instruments et appareils;10;
9015.90.00; Parties et accessoires;10;
9016.00.00;Balances sensibles à un poids de 5 cg ou moins, avec ou sans poids;10;
9017.10.00; Tables et machines à dessiner, même automatiques.;10;
9017.20.00; Autres instruments de dessin, de traçage ou de calcul..;10;
9017.30.00; Micromètres, pieds à coulisse, calibres et jauges.;10;
9017.80.00; Autres instruments;10;
9017.90.00; Parties et accessoires;10;
9018.11.00;  Electrocardiographes.;5;
9018.12.00;  Appareils de diagnostic par balayage ultrasonique(scanners)..;5;
9018.13.00;   Appareils  de  diagnostic  par  visualisation  à résonance magnétique;5;
9018.14.00;  Appareils de scintigraphie.;5;
9018.19.00;  Autres.;5;
9018.20.00; Appareils à rayons ultraviolets ou infrarouges;5;
9018.31.00;   Seringues, avec ou sans aiguilles..;5;
9018.32.00;  Aiguilles tubulaires en métal et aiguilles à sutures;5;
9018.39.00;  Autres;5;
9018.41.00;  Tours dentaires, même combinées sur une base commune avec d'autres équipements denta;5;
9018.49.00;  Autres.;5;
9018.50.00; Autres instruments et appareils d'ophtalmologie;5;
9018.90.00; Autres instruments et appareils;5;
9019.10.00;" Appareils  de  mécanothérapie ;  appareils  de massage; appareils de psychotechnie";5;
9019.20.00; Appareils d'ozonothérapie, d'oxygénothérapie, d'aérosolthérapie,  appareils  respirat;5;
9020.00.00;Autres appareils respiratoires et masques à gaz, à l'exclusion des masques de protection;5;
9021.10.00; Articles et appareils d'orthopédie ou pour fractures..;5;
9021.21.00;  Dents artificielles..;5;
9021.29.00;  Autres;5;
9021.31.00;  Prothèses articulaires..;5;
9021.39.00;  Autres;5;
9021.40.00; Appareils pour faciliter l'audition aux sourds, à l'exclusion des parties et accessoir;5;
9021.50.00; Stimulateurs cardiaques, à l'exclusion des parties et accessoires..;5;
9021.90.00; Autres..;5;
9022.12.00;  Appareils  de  tomographie  pilotés  par  une machine automatique de traitement de l;5;
9022.13.00;  Autres, pour l'art dentaire;5;
9022.14.00;  Autres, pour usages médicaux, chirurgicaux ou vétérinaires;5;
9022.19.00;  Pour autres usages.;5;
9022.21.00;  A  usage  médical,  chirurgical,  dentaire  ou vétérinaire.;5;
9022.29.00;  Pour autres usages;5;
9022.30.00; Tubes à rayons X.;5;
9022.90.00; Autres, y compris les parties et accessoires;5;
9023.00.00;Instruments, appareils et modèles conçus pour la démonstration  (dans  l'enseignement ou;5;
9024.10.00; Machines et appareils d'essais des métaux.;10;
9024.80.00; Autres machines et appareils;10;
9024.90.00; Parties et accessoires;10;
9025.11.00;  A liquide, à lecture directe.;10;
9025.19.00;  Autres.;10;
9025.80.00; Autres instruments;10;
9025.90.00; Parties et accessoires;10;
9026.10.00; Pour  la  mesure  ou  le  contrôle  du  débit  ou  du niveau des liquides;10;
9026.20.00; Pour la mesure ou le contrôle de la pression.;10;
9026.80.00; Autres instruments et appareils;10;
9026.90.00; Parties et accessoires;10;
9027.10.00; Analyseurs de gaz ou de fumées..;10;
9027.20.00; Chromatographes et appareils d'électrophorèse..;10;
9027.30.00; Spectromètres, spectrophotomètres et spectrographes utilisant les rayonnements optiqu;10;
9027.50.00; Autres  instruments  et  appareils  utilisant  les rayonnements optiques (UV, visibles;10;
9027.80.00; Autres instruments et appareils;10;
9027.90.00;" Microtomes; parties et accessoires..";10;
9028.10.00; Compteurs de gaz;20;
9028.20.00; Compteurs de liquides.;20;
9028.30.00; Compteurs d'électricité;10;
9028.90.00; Parties et accessoires;20;
9029.10.00; Compteurs de tours ou de production, taximètres, totalisateurs de chemin parcouru, pod;20;
9029.20.00;" Indicateurs de vitesse et tachymètres; stroboscopes..";10;
9029.90.00; Parties et accessoires.;10;
9030.10.00; Instruments  et  appareils  pour  la  mesure  ou ladétection des radiations ionisantes;10;
9030.20.00; Oscilloscopes et oscillographes;10;
9030.31.00;  Multimètres, sans dispositif enregistreur..;10;
9030.32.00;   Multimètres, avec dispositif enregistreur.;10;
9030.33.00;  Autres, sans dispositif enregistreur..;10;
9030.39.00;  Autres, avec dispositif enregistreur..;10;
9030.40.00; Autres instruments et appareils, spécialement conçus pour les techniques de la télécom;10;
9030.82.00;  Pour la mesure ou le contrôle des disques ou des dispositifs à semiconducteur.;10;
9030.84.00;  Autres, avec dispositif enregistreur;10;
9030.89.00;  Autres.;10;
9030.90.00; Parties et accessoires;10;
9031.10.00; Machines à équilibrer les pièces mécaniques..;10;
9031.20.00; Bancs d'essai..;10;
9031.41.00;  Pour le contrôle des disques ou des dispositifs à semiconducteur ou pour le contrôl;10;
9031.49.00;  Autres.;10;
9031.80.00; Autres instruments, appareils et machines;10;
9031.90.00; Parties et accessoires;10;
9032.10.00; Thermostats.;10;
9032.20.00; Manostats (pressostats);10;
9032.81.00;  Hydrauliques ou pneumatiques..;10;
9032.89.00;  Autres.;10;
9032.90.00; Parties et accessoires;10;
9033.00.00;Parties et accessoires non dénommés ni compris ailleurs dans le présent Chapitre, pour m;10;
9101.11.00;  A affichage mécanique seulement;30;
9101.19.00;  Autres;30;
9101.21.00;  A remontage automatique..;30;
9101.29.00;  Autres.;30;
9101.91.00;  Fonctionnant électriquement.;30;
9101.99.00;  Autres.;30;
9102.11.00;  A affichage mécanique seulement.;30;
9102.12.00;  A affichage optoélectronique seulement;30;
9102.19.00;  Autres;30;
9102.21.00;  A remontage automatique..;30;
9102.29.00;  Autres.;30;
9102.91.00;  Fonctionnant électriquement;30;
9102.99.00;  Autres.;30;
9103.10.00; Fonctionnant électriquement;30;
9103.90.00; Autres;30;
9104.00.00;Montres  de  tableaux  de  bord  et  montres similaires, pour automobiles, véhicules aér;30;
9105.11.00;  Fonctionnant électriquement.;30;
9105.19.00;  Autres..;30;
9105.21.00;  Fonctionnant électriquement.;30;
9105.29.00;  Autres;30;
9105.91.00;  Fonctionnant électriquement.;30;
9105.99.00;  Autres;30;
9106.10.00;" Horloges de pointage; horodateurs et horocompteurs..";30;
9106.90.00; Autres.;30;
9107.00.00;Interrupteurs  horaires  et  autres  appareils permettant de déclencher un mécanisme à t;30;
9108.11.00;  A affichage mécanique seulement ou avec un dispositif qui permette d'incorporer un a;30;
9108.12.00;  A affichage optoélectronique seulement;30;
9108.19.00;  Autres;30;
9108.20.00; A remontage automatique;30;
9108.90.00; Autres..;30;
9109.11.00;  De réveils;30;
9109.19.00;  Autres;30;
9109.90.00; Autres.;30;
9110.11.00;  Mouvements  complets,  non  assemblés  ou partiellement assemblés (chablons);30;
9110.12.00;  Mouvements incomplets, assemblés.;30;
9110.19.00;  Ebauches..;30;
9110.90.00; Autres.;30;
9111.10.00; Boîtes  en  métaux  précieux  ou  en  plaqués  ou doublés de métaux précieux.;30;
9111.20.00; Boîtes  en  métaux  communs,  même  dorés  ou argentés.;30;
9111.80.00; Autres boîtes;30;
9111.90.00; Parties..;30;
9112.20.00; Cages et cabinets.;30;
9112.90.00; Parties.;30;
9113.10.00; En métaux précieux ou en plaqués ou doublés de métaux précieux.;30;
9113.20.00; En métaux communs, même dorés ou argentés;30;
9113.90.00; Autres..;30;
9114.10.00; Ressorts, y compris les spiraux;30;
9114.20.00; Pierres..;30;
9114.30.00; Cadrans;30;
9114.40.00; Platines et ponts;30;
9114.90.00; Autres;20;
9201.10.00; Pianos droits;30;
9201.20.00; Pianos à queue.;30;
9201.90.00; Autres..;30;
9202.10.00; A cordes frottées à l'aide d'un archet..;30;
9202.90.00; Autres;30;
9205.10.00; Instruments dits << cuivres >>;30;
9205.90.00; Autres..;30;
9206.00.00;Instruments   de   musique   à   percussion  (tambours,  caisses,  xylophones,  cymbales;30;
9207.10.00; Instruments à clavier, autres que les accordéons..;30;
9207.90.00; Autres..;30;
9208.10.00; Boîtes à musique..;30;
9208.90.00; Autres;30;
9209.30.00; Cordes harmoniques.;30;
9209.91.00;  Parties et accessoires de pianos.;30;
9209.92.00;  Parties et accessoires des instruments de musique du n° 92.02;30;
9209.94.00;  Parties et accessoires des instruments de musique du n° 92.07;30;
9209.99.00;  Autres;30;
9301.11.00;  Autopropulsées..;30;
9301.19.00;  Autres.;30;
9301.20.00;" Tubes lancemissiles; lanceflammes; lancegrenades; lancetorpilles et lanceurs simil";30;
9301.90.00; Autres;30;
9302.00.00;Revolvers et pistolets, autres que ceux des n°s 93.03 ou 93.04(*);30;NMB
9303.10.00; Armes à feu ne pouvant être chargées que par le canon(*).;30;NMB
9303.20.00; Autres fusils et carabines de chasse ou de tir sportif comportant au moins un canon li;30;NMB
9303.30.00; Autres  fusils  et  carabines  de  chasse  ou  de  tir sportif(*);30;NMB
9303.90.00; Autres(*)..;30;NMB
9304.00.00;Autres armes (fusils, carabines et pistolets à ressort, à air comprimé ou à gaz, matraqu;30;NMB
9305.10.00; De revolvers ou pistolets;30;
9305.21.00;  Canons lisses;30;
9305.29.00;  Autres;20;
9305.91.00;  Des armes de guerre du n° 93.01;20;
9305.99.00;  Autres;20;
9306.21.00;  Cartouches;30;
9306.29.10;   Douilles..;10;
9306.29.90;   Autres.;30;
9306.30.00; Autres cartouches et leurs parties;30;
9306.90.00; Autres.;30;
9307.00.00;Sabres, épées, baïonnettes, lances et autres armes blanches, leurs parties et leurs four;30;
9401.10.00; Sièges des types utilisés pour véhicules aériens;30;
9401.20.00; Sièges des types utilisés pour véhicules automobiles;30;
9401.30.00; Sièges pivotants, ajustables en hauteur;30;
9401.40.00; Sièges autres que le matériel de camping ou de jardin, transformables en lits.;30;
9401.51.00;  En bambou ou en rotin;30;
9401.59.00;  Autres;30;
9401.61.00;  Rembourrés;30;
9401.69.00;  Autres.;30;
9401.71.00;  Rembourrés..;30;
9401.79.00;  Autres;30;
9401.80.00; Autres sièges;30;
9401.90.00; Parties.;20;
9402.10.10;  Fauteuils de dentistes et leurs parties.;5;
9402.10.20;  Fauteuils pour salons de coiffures et fauteuils similaires, et leurs parties;10;
9402.90.00; Autres..;5;
9403.10.00; Meubles en métal des types utilisés dans les bureaux.;30;
9403.20.00; Autres meubles en métal;30;
9403.30.00; Meubles en bois des types utilisés dans les bureaux;30;
9403.40.00; Meubles en bois des types utilisés dans les cuisines..;30;
9403.50.00; Meubles en bois des types utilisés dans les chambres  à coucher..;30;
9403.60.00; Autres meubles en bois;30;
9403.70.00; Meubles en matières plastiques;30;
9403.81.00;  En bambou ou en rotin.;30;
9403.89.00;  Autres..;30;
9403.90.00; Parties.;30;
9404.10.00; Sommiers;30;
9404.21.00; En caoutchouc alvéolaire ou en matières plastiques alvéolaires, recouverts ou non..;30;
9404.29.00;  En autres matières.;30;
9404.30.00; Sacs de couchage.;30;
9404.90.00; Autres..;30;
9405.10.00;  Lustres et autres appareils d'éclairage électriques à suspendre ou à fixer au plafond;30;
9405.20.00; Lampes de chevet, lampes de bureau et lampadaires d'intérieur, électriques..;30;
9405.30.00; Guirlandes électriques des types utilisés pour les arbres de Noël.;30;
9405.40.10;  Projecteurs;30;
9405.40.90;  Autres.;30;
9405.50.10;  Lampestempêtes;10;
9405.50.20;  Lampes à pression.;20;
9405.50.90;  Autres.;30;
9405.60.00; Lampesréclames, enseignes lumineuses, plaques indicatrices lumineuses et articles sim;30;
9405.91.00;  En verre.;20;
9405.92.00;  En matières plastiques;20;
9405.99.00;  Autres.;20;
9406.00.00;Constructions préfabriquées..;10;
9503.00.00;" Tricycles, trottinettes, autos à pédales et jouets à roues similaires ; landaus et pou";30;
9504.10.00; Jeux vidéo des types utilisables avec un récepteur de télévision;30;
9504.20.00; Billards de tout genre et leurs accessoires;30;
9504.30.00; Autres jeux fonctionnant par l'introduction d'une pièce de monnaie, d'un billet de ban;30;
9504.40.00; Cartes à jouer;30;
9504.90.00; Autres;30;
9505.10.00; Articles pour fêtes de Noël.;30;
9505.90.00; Autres...;30;
9506.11.00;  Skis;30;
9506.12.00;  Fixations pour skis;30;
9506.19.00;  Autres;30;
9506.21.00;  Planches à voile.;30;
9506.29.00;  Autres;30;
9506.31.00;   Clubs complets.;30;
9506.32.00;  Balles.;30;
9506.39.00;  Autres;30;
9506.40.00; Articles et matériel pour le tennis de table;30;
9506.51.00;  Raquettes de tennis, même non cordées;30;
9506.59.00;  Autres;30;
9506.61.00;  Balles de tennis.;30;
9506.62.00;  Gonflables.;30;
9506.69.00;  Autres;30;
9506.70.00; Patins à glace et patins à roulettes, y compris les   chaussures auxquelles sont fixés;30;
9506.91.00;  Articles et matériel pour la culture physique, la gymnastique ou l'athlétisme.;30;
9506.99.00;  Autres.;30;
9507.10.00; Cannes à pêche.;30;
9507.20.00; Hameçons, même montés sur avançons;0;
9507.30.00; Moulinets pour la pêche;0;
9507.90.00; Autres;0;
9508.10.00; Cirques ambulants et ménageries ambulantes...;0;
9508.20.00; Autres;0;
9601.10.00; Ivoire travaillé et ouvrages en ivoire;30;
9601.90.00; Autres;30;
9602.00.00;"Matières végétales ou minérales à tailler, travaillées, et ouvrages en ces matières; ouv";30;
9603.10.00;Balais et balayettes consistant en brindilles ou autres matières végétales en bottes li;30;
9603.21.00;  Brosses à dents, y compris les brosses à dentiers;30;
9603.29.00;  Autres.;30;
9603.30.00; Pinceaux et brosses pour artistes, pinceaux à écrire et pinceaux similaires pour l'app;20;
9603.40.00; Brosses et pinceaux à peindre, à badigeonner,   à vernir ou similaires (autres que les;30;
9603.50.00; Autres brosses constituant des parties de machines, d'appareils ou de véhicules;30;
9603.90.10;  Têtes préparées pour articles de brosserie.;20;
9603.90.90;  Autres...;30;
9604.00.00;Tamis et cribles, à main;30;
9605.00.00;Assortiments  de  voyage  pour  la  toilette  des personnes, la couture ou le nettoyage ;30;
9606.10.00; Boutonspression et leurs parties..;20;
9606.21.00;  En  matières  plastiques,  non  recouverts  de matières textiles.;20;
9606.22.00;  En métaux communs, non recouverts de matières textiles.;20;
9606.29.00;  Autres..;20;
9606.30.00;" Formes pour boutons et autres parties de boutons ; ébauches de boutons";20;
9607.11.00;  Avec agrafes en métaux communs.;20;
9607.19.00;  Autres..;20;
9607.20.00; Parties;20;
9608.10.00; Stylos et crayons à bille;30;
9608.20.00; Stylos  et  marqueurs  à  mèche  feutre  ou  à  autres pointes poreuses...;30;
9608.31.00;  A dessiner à encre de Chine.;30;
9608.39.00;  Autres;30;
9608.40.00; Portemine.;30;
9608.50.00; Assortiments  d'articles  relevant  d'au  moins deux des souspositions précitées;30;
9608.60.00; Cartouches de rechange pour stylos ou crayons à bille, associés à leur pointe;30;
9608.91.00;  Plumes à écrire et becs pour plumes..;30;
9608.99.10;   Billes en carbure de tungstène;10;
9608.99.90;   Autres..;30;
9609.10.00; Crayons à gaine;30;
9609.20.00; Mines pour crayons ou portemine..;30;
9609.90.00; Autres..;30;
9610.00.00;Ardoises et tableaux pour l'écriture ou le dessin, même encadrés.;30;
9611.00.00;Dateurs, cachets, numéroteurs, timbres et articles similair (y compris les appareils   p;30;
9612.10.00; Rubans encreurs...;30;
9612.20.00; Tampons encreurs;30;
9613.10.00; Briquets de poche, à gaz, non rechargeables;30;
9613.20.00; Briquets de poche, à gaz, rechargeables;30;
9613.80.00; Autres briquets et allumeurs;30;
9613.90.00; Parties;20;
9614.00.00; Pipes (y compris les têtes de pipes), fumecigare et fumecigarette, et leurs parties;20;
9615.11.00;  En caoutchouc durci ou en matières plastiques;30;
9615.19.00;  Autres.;30;
9615.90.00; Autres;30;
9616.10.00; Vaporisateurs de toilette, leurs montures et têtes de montures;10;
9616.20.00; Houppes et houppettes à poudre ou pour l'application d'autres cosmétiques ou produits ;10;
9617.00.00;Bouteilles   isolantes   et   autres   récipients isothermiques montés, dont l'isolation;30;
9618.00.00;"Mannequins et articles similaires ; automates et scènes animées pour étalages..";30;
9701.10.00; Tableaux, peintures et dessins;30;
9701.90.00; Autres.;30;